ğŸ, Chequered Flag,æ–¹æ ¼æ——
ğŸš©, Triangular Flag,ä¸‰è§’æ——
ğŸŒ, Crossed Flags,äº¤å‰çš„æ——å¸œ
ğŸ´, Black Flag,é»‘æ——
ğŸ³, White Flag,ç™½æ——
ğŸ³ï¸â€ğŸŒˆ, Rainbow Flag,å½©è™¹æ——
ğŸ³ï¸â€âš§ï¸, Transgender Flag,å˜æ€§äººæ——å¸œ
ğŸ´â€â˜ ï¸, Pirate Flag,æµ·ç›—æ——
ğŸ‡¦ğŸ‡¨, Flag: Ascension Island,æ——å¸œã€‚é˜¿æ£®æ¾å²›
ğŸ‡¦ğŸ‡©, Flag: Andorra,æ——å¸œ: å®‰é“å°”
ğŸ‡¦ğŸ‡ª, Flag: United Arab Emirates,æ——å¸œï¼š é˜¿æ‹‰ä¼¯è”åˆé…‹é•¿å›½
ğŸ‡¦ğŸ‡«, Flag: Afghanistan,æ——å¸œï¼š é˜¿å¯Œæ±—
ğŸ‡¦ğŸ‡¬, Flag: Antigua & Barbuda,æ——å¸œï¼šå®‰æç“œå’Œå·´å¸ƒè¾¾ å®‰æç“œå’Œå·´å¸ƒè¾¾
ğŸ‡¦ğŸ‡®, Flag: Anguilla,æ——å¸œï¼š å®‰åœ­æ‹‰
ğŸ‡¦ğŸ‡±, Flag: Albania,æ——å¸œï¼š é˜¿å°”å·´å°¼äºš
ğŸ‡¦ğŸ‡², Flag: Armenia,æ——å¸œï¼š äºšç¾å°¼äºš
ğŸ‡¦ğŸ‡´, Flag: Angola,æ——å¸œï¼š å®‰å“¥æ‹‰
ğŸ‡¦ğŸ‡¶, Flag: Antarctica,æ——å¸œï¼š å—ææ´²
ğŸ‡¦ğŸ‡·, Flag: Argentina,æ——å¸œï¼š é˜¿æ ¹å»·
ğŸ‡¦ğŸ‡¸, Flag: American Samoa,æ——å¸œï¼š ç¾å±è¨æ‘©äºš
ğŸ‡¦ğŸ‡¹, Flag: Austria,æ——å¸œï¼š å¥¥åœ°åˆ©
ğŸ‡¦ğŸ‡º, Flag: Australia,æ——å¸œ æ¾³å¤§åˆ©äºš
ğŸ‡¦ğŸ‡¼, Flag: Aruba,æ——å¸œ é˜¿é²å·´
ğŸ‡¦ğŸ‡½, Flag: Ã…land Islands,æ——å¸œï¼šå¥¥å…°ç¾¤å²› å¥¥å…°ç¾¤å²›
ğŸ‡¦ğŸ‡¿, Flag: Azerbaijan,æ——å¸œï¼š é˜¿å¡æ‹œç–†
ğŸ‡§ğŸ‡¦, Flag: Bosnia & Herzegovina,æ——å¸œï¼šæ³¢æ–¯å°¼äºšå’Œé»‘å¡å“¥ç»´é‚£
ğŸ‡§ğŸ‡§, Flag: Barbados,æ——å¸œï¼šå·´å·´å¤šæ–¯
ğŸ‡§ğŸ‡©, Flag: Bangladesh,æ——å¸œï¼šå­ŸåŠ æ‹‰å›½
ğŸ‡§ğŸ‡ª, Flag: Belgium,æ——å¸œï¼šæ¯”åˆ©æ—¶
ğŸ‡§ğŸ‡«, Flag: Burkina Faso,æ——å¸œï¼šå¸ƒåŸºçº³æ³•ç´¢
ğŸ‡§ğŸ‡¬, Flag: Bulgaria,æ——å¸œï¼šä¿åŠ åˆ©äºš
ğŸ‡§ğŸ‡­, Flag: Bahrain,æ——å¸œï¼šå·´æ—
ğŸ‡§ğŸ‡®, Flag: Burundi,æ——å¸œï¼šå¸ƒéš†è¿ª
ğŸ‡§ğŸ‡¯, Flag: Benin,æ——å¸œï¼šè´å®
ğŸ‡§ğŸ‡±, Flag: St. BarthÃ©lemy,æ——å¸œï¼šåœ£å·´æ³°å‹’ç±³
ğŸ‡§ğŸ‡², Flag: Bermuda,æ——å¸œï¼šç™¾æ…•å¤§
ğŸ‡§ğŸ‡³, Flag: Brunei,æ——å¸œï¼šæ–‡è±
ğŸ‡§ğŸ‡´, Flag: Bolivia,æ——å¸œï¼šç»åˆ©ç»´äºš
ğŸ‡§ğŸ‡¶, Flag: Caribbean Netherlands,æ——å¸œï¼š è·å…°åŠ å‹’æ¯”åœ°åŒº
ğŸ‡§ğŸ‡·, Flag: Brazil,æ——å¸œï¼šå·´è¥¿
ğŸ‡§ğŸ‡¸, Flag: Bahamas,æ——å¸œï¼šå·´å“ˆé©¬
ğŸ‡§ğŸ‡¹, Flag: Bhutan,æ——å¸œï¼šä¸ä¸¹
ğŸ‡§ğŸ‡», Flag: Bouvet Island,æ——å¸œï¼šå¸ƒç»´å²›
ğŸ‡§ğŸ‡¼, Flag: Botswana,æ——å¸œï¼šåšèŒ¨ç“¦çº³
ğŸ‡§ğŸ‡¾, Flag: Belarus,æ——å¸œï¼šç™½ä¿„ç½—æ–¯
ğŸ‡§ğŸ‡¿, Flag: Belize,æ——å¸œï¼šä¼¯åˆ©å…¹
ğŸ‡¨ğŸ‡¦, Flag: Canada,æ——å¸œï¼š åŠ æ‹¿å¤§
ğŸ‡¨ğŸ‡¨, Flag: Cocos (Keeling) Islands,æ——å¸œï¼šç§‘ç§‘æ–¯ï¼ˆåŸºæ—ï¼‰ç¾¤å²› ç§‘ç§‘æ–¯ï¼ˆåŸºæ—
ğŸ‡¨ğŸ‡©, Flag: Congo - Kinshasa,æ——å¸œï¼š åˆšæœ-é‡‘æ²™è¨
ğŸ‡¨ğŸ‡«, Flag: Central African Republic,æ——å¸œï¼š ä¸­éå…±å’Œå›½
ğŸ‡¨ğŸ‡¬, Flag: Congo - Brazzaville,æ——å¸œï¼šåˆšæœ-å¸ƒæ‹‰æŸ´ç»´å°” åˆšæœ-å¸ƒæ‹‰æŸ´ç»´å°”
ğŸ‡¨ğŸ‡­, Flag: Switzerland,æ——å¸œï¼šç‘å£«
ğŸ‡¨ğŸ‡®, Flag: CÃ´te dâ€™Ivoire,æ——å¸œï¼š ç§‘ç‰¹è¿ªç“¦
ğŸ‡¨ğŸ‡°, Flag: Cook Islands,æ——å¸œã€‚åº“å…‹ç¾¤å²›
ğŸ‡¨ğŸ‡±, Flag: Chile,æ——å¸œï¼š æ™ºåˆ©
ğŸ‡¨ğŸ‡², Flag: Cameroon,æ——å¸œï¼š å–€éº¦éš†
ğŸ‡¨ğŸ‡³, Flag: China,æ——å¸œ ä¸­å›½
ğŸ‡¨ğŸ‡´, Flag: Colombia,æ——å¸œï¼š å“¥ä¼¦æ¯”äºš
ğŸ‡¨ğŸ‡µ, Flag: Clipperton Island,æ——å¸œã€‚Clippertonå²›
ğŸ‡¨ğŸ‡·, Flag: Costa Rica,æ——å¸œï¼š å“¥æ–¯è¾¾é»åŠ 
ğŸ‡¨ğŸ‡º, Flag: Cuba,æ——å¸œï¼š å¤å·´
ğŸ‡¨ğŸ‡», Flag: Cape Verde,æ——å¸œï¼š ä½›å¾—è§’
ğŸ‡¨ğŸ‡¼, Flag: CuraÃ§ao,æ——å¸œï¼šåº“æ‹‰ç´¢å²› åº“æ‹‰ç´¢å²›
ğŸ‡¨ğŸ‡½, Flag: Christmas Island,æ——å¸œã€‚åœ£è¯å²›
ğŸ‡¨ğŸ‡¾, Flag: Cyprus,æ——å¸œï¼š å¡æµ¦è·¯æ–¯
ğŸ‡¨ğŸ‡¿, Flag: Czechia,æ——å¸œï¼š æ·å…‹
ğŸ‡©ğŸ‡ª, Flag: Germany,æ——å¸œ å¾·å›½
ğŸ‡©ğŸ‡¬, Flag: Diego Garcia,æ——å¸œï¼š Diego Garcia
ğŸ‡©ğŸ‡¯, Flag: Djibouti,æ——å¸œï¼š å‰å¸ƒæ
ğŸ‡©ğŸ‡°, Flag: Denmark,æ——å¸œï¼š ä¸¹éº¦
ğŸ‡©ğŸ‡², Flag: Dominica,æ——å¸œ å¤šç±³å°¼å…‹
ğŸ‡©ğŸ‡´, Flag: Dominican Republic,æ——å¸œï¼š å¤šç±³å°¼åŠ å…±å’Œå›½
ğŸ‡©ğŸ‡¿, Flag: Algeria,æ——å¸œï¼š é˜¿å°”åŠåˆ©äºš
ğŸ‡ªğŸ‡¦, Flag: Ceuta & Melilla,æ——å¸œï¼šä¼‘è¾¾å’Œæ¢…åˆ©åˆ©äºš ä¼‘è¾¾å’Œæ¢…åˆ©åˆ©äºš
ğŸ‡ªğŸ‡¨, Flag: Ecuador,æ——å¸œï¼šå„ç“œå¤šå°”
ğŸ‡ªğŸ‡ª, Flag: Estonia,æ——å¸œï¼šçˆ±æ²™å°¼äºš
ğŸ‡ªğŸ‡¬, Flag: Egypt,æ——å¸œï¼šåŸƒåŠ
ğŸ‡ªğŸ‡­, Flag: Western Sahara,æ——å¸œï¼š è¥¿æ’’å“ˆæ‹‰
ğŸ‡ªğŸ‡·, Flag: Eritrea,æ——å¸œï¼šå„ç«‹ç‰¹é‡Œäºš
ğŸ‡ªğŸ‡¸, Flag: Spain,æ——å¸œï¼šè¥¿ç­ç‰™
ğŸ‡ªğŸ‡¹, Flag: Ethiopia,æ——å¸œï¼šåŸƒå¡ä¿„æ¯”äºš
ğŸ‡ªğŸ‡º, Flag: European Union,æ——å¸œï¼šæ¬§æ´²è”ç›Ÿ
ğŸ‡«ğŸ‡®, Flag: Finland,æ——å¸œ: èŠ¬å…°
ğŸ‡«ğŸ‡¯, Flag: Fiji,æ——å¸œï¼š æ–æµ
ğŸ‡«ğŸ‡°, Flag: Falkland Islands,æ——å¸œï¼š ç¦å…‹å…°ç¾¤å²›
ğŸ‡«ğŸ‡², Flag: Micronesia,æ——å¸œ å¯†å…‹ç½—å°¼è¥¿äºš
ğŸ‡«ğŸ‡´, Flag: Faroe Islands,æ——å¸œ: æ³•ç½—ç¾¤å²›
ğŸ‡«ğŸ‡·, Flag: France,æ——å¸œ æ³•å›½
ğŸ‡¬ğŸ‡¦, Flag: Gabon,æ——å¸œï¼š åŠ è“¬
ğŸ‡¬ğŸ‡§, Flag: United Kingdom,æ——å¸œã€‚è”åˆç‹å›½
ğŸ‡¬ğŸ‡©, Flag: Grenada,æ——å¸œï¼š æ ¼æ—çº³è¾¾
ğŸ‡¬ğŸ‡ª, Flag: Georgia,æ——å¸œï¼š æ ¼é²å‰äºš
ğŸ‡¬ğŸ‡«, Flag: French Guiana,æ——å¸œï¼š æ³•å±åœ­äºšé‚£
ğŸ‡¬ğŸ‡¬, Flag: Guernsey,æ——å¸œï¼š æ ¼æ©è¥¿å²›
ğŸ‡¬ğŸ‡­, Flag: Ghana,æ——å¸œï¼š åŠ çº³
ğŸ‡¬ğŸ‡®, Flag: Gibraltar,æ——å¸œï¼š ç›´å¸ƒç½—é™€
ğŸ‡¬ğŸ‡±, Flag: Greenland,æ——å¸œï¼š æ ¼é™µå…°
ğŸ‡¬ğŸ‡², Flag: Gambia,æ——å¸œï¼š å†ˆæ¯”äºš
ğŸ‡¬ğŸ‡³, Flag: Guinea,æ——å¸œï¼š å‡ å†…äºš
ğŸ‡¬ğŸ‡µ, Flag: Guadeloupe,æ——å¸œï¼š ç“œå¾·ç½—æ™®å²›
ğŸ‡¬ğŸ‡¶, Flag: Equatorial Guinea,æ——å¸œï¼šèµ¤é“å‡ å†…äºš
ğŸ‡¬ğŸ‡·, Flag: Greece,æ——å¸œï¼š å¸Œè…Š
ğŸ‡¬ğŸ‡¸, Flag: South Georgia & South Sandwich Islands,æ——å¸œï¼šå—ä¹”æ²»äºšå²›å’Œå—æ¡‘å¨å¥‡ç¾¤å²›
ğŸ‡¬ğŸ‡¹, Flag: Guatemala,æ——å¸œï¼š å±åœ°é©¬æ‹‰
ğŸ‡¬ğŸ‡º, Flag: Guam,æ——å¸œï¼š å…³å²›
ğŸ‡¬ğŸ‡¼, Flag: Guinea-Bissau,æ——å¸œï¼š å‡ å†…äºšæ¯”ç»
ğŸ‡¬ğŸ‡¾, Flag: Guyana,æ——å¸œï¼š åœ­äºšé‚£
ğŸ‡­ğŸ‡°, Flag: Hong Kong SAR China,æ——å¸œï¼šä¸­å›½é¦™æ¸¯ç‰¹åˆ«è¡Œæ”¿åŒº
ğŸ‡­ğŸ‡², Flag: Heard & McDonald Islands,æ——å¸œï¼šèµ«å¾·å’Œéº¦å…‹å”çº³ç¾¤å²›
ğŸ‡­ğŸ‡³, Flag: Honduras,æ——å¸œï¼šæ´ªéƒ½æ‹‰æ–¯
ğŸ‡­ğŸ‡·, Flag: Croatia,æ——å¸œï¼š å…‹ç½—åœ°äºš
ğŸ‡­ğŸ‡¹, Flag: Haiti,æ——å¸œï¼šæµ·åœ°
ğŸ‡­ğŸ‡º, Flag: Hungary,æ——å¸œï¼šåŒˆç‰™åˆ©
ğŸ‡®ğŸ‡¨, Flag: Canary Islands,æ——å¸œ: åŠ é‚£åˆ©ç¾¤å²›
ğŸ‡®ğŸ‡©, Flag: Indonesia,æ——å¸œï¼šå°åº¦å°¼è¥¿äºš
ğŸ‡®ğŸ‡ª, Flag: Ireland,æ——å¸œï¼šçˆ±å°”å…°
ğŸ‡®ğŸ‡±, Flag: Israel,æ——å¸œï¼šä»¥è‰²åˆ—
ğŸ‡®ğŸ‡², Flag: Isle of Man,æ——å¸œï¼šé©¬æ©å²›
ğŸ‡®ğŸ‡³, Flag: India,æ——å¸œï¼šå°åº¦
ğŸ‡®ğŸ‡´, Flag: British Indian Ocean Territory,æ——å¸œï¼šè‹±å±å°åº¦æ´‹é¢†åœŸ
ğŸ‡®ğŸ‡¶, Flag: Iraq,æ——å¸œï¼šä¼Šæ‹‰å…‹
ğŸ‡®ğŸ‡·, Flag: Iran,æ——å¸œï¼šä¼Šæœ—
ğŸ‡®ğŸ‡¸, Flag: Iceland,æ——å¸œï¼šå†°å²›
ğŸ‡®ğŸ‡¹, Flag: Italy,æ——å¸œï¼šæ„å¤§åˆ©
ğŸ‡¯ğŸ‡ª, Flag: Jersey,æ——å¸œ æ³½è¥¿å²›
ğŸ‡¯ğŸ‡², Flag: Jamaica,æ——å¸œï¼š ç‰™ä¹°åŠ 
ğŸ‡¯ğŸ‡´, Flag: Jordan,æ——å¸œï¼š çº¦æ—¦
ğŸ‡¯ğŸ‡µ, Flag: Japan,æ——å¸œ æ—¥æœ¬
ğŸ‡°ğŸ‡ª, Flag: Kenya,æ——å¸œï¼šè‚¯å°¼äºš
ğŸ‡°ğŸ‡¬, Flag: Kyrgyzstan,æ——å¸œï¼šå‰å°”å‰æ–¯æ–¯å¦
ğŸ‡°ğŸ‡­, Flag: Cambodia,æ——å¸œï¼š æŸ¬åŸ”å¯¨
ğŸ‡°ğŸ‡®, Flag: Kiribati,æ——å¸œï¼šåŸºé‡Œå·´æ–¯
ğŸ‡°ğŸ‡², Flag: Comoros,æ——å¸œï¼š ç§‘æ‘©ç½—
ğŸ‡°ğŸ‡³, Flag: St. Kitts & Nevis,æ——å¸œï¼šåœ£åŸºèŒ¨å’Œå°¼ç»´æ–¯
ğŸ‡°ğŸ‡µ, Flag: North Korea,æ——å¸œï¼šåŒ—æœé²œ
ğŸ‡°ğŸ‡·, Flag: South Korea,æ——å¸œï¼šå—æœé²œ
ğŸ‡°ğŸ‡¼, Flag: Kuwait,æ——å¸œï¼šç§‘å¨ç‰¹
ğŸ‡°ğŸ‡¾, Flag: Cayman Islands,æ——å¸œ: å¼€æ›¼ç¾¤å²›
ğŸ‡°ğŸ‡¿, Flag: Kazakhstan,æ——å¸œï¼šå“ˆè¨å…‹æ–¯å¦
ğŸ‡±ğŸ‡¦, Flag: Laos,æ——å¸œ è€æŒ
ğŸ‡±ğŸ‡§, Flag: Lebanon,æ——å¸œï¼š é»å·´å«©
ğŸ‡±ğŸ‡¨, Flag: St. Lucia,æ——å¸œï¼šåœ£å¢è¥¿äºš
ğŸ‡±ğŸ‡®, Flag: Liechtenstein,æ——å¸œï¼š åˆ—æ”¯æ•¦å£«ç™»
ğŸ‡±ğŸ‡°, Flag: Sri Lanka,æ——å¸œï¼šæ–¯é‡Œå…°å¡
ğŸ‡±ğŸ‡·, Flag: Liberia,æ——å¸œï¼š åˆ©æ¯”é‡Œäºš
ğŸ‡±ğŸ‡¸, Flag: Lesotho,æ——å¸œï¼š è±ç´¢æ‰˜
ğŸ‡±ğŸ‡¹, Flag: Lithuania,æ——å¸œï¼š ç«‹é™¶å®›
ğŸ‡±ğŸ‡º, Flag: Luxembourg,æ——å¸œï¼š å¢æ£®å ¡
ğŸ‡±ğŸ‡», Flag: Latvia,æ——å¸œï¼š æ‹‰è„±ç»´äºš
ğŸ‡±ğŸ‡¾, Flag: Libya,æ——å¸œï¼š åˆ©æ¯”äºš
ğŸ‡²ğŸ‡¦, Flag: Morocco,æ——å¸œï¼š æ‘©æ´›å“¥
ğŸ‡²ğŸ‡¨, Flag: Monaco,æ——å¸œ: æ‘©çº³å“¥
ğŸ‡²ğŸ‡©, Flag: Moldova,æ——å¸œï¼š æ‘©å°”å¤šç“¦
ğŸ‡²ğŸ‡ª, Flag: Montenegro,æ——å¸œï¼š é»‘å±±
ğŸ‡²ğŸ‡«, Flag: St. Martin,æ——å¸œï¼šåœ£é©¬ä¸
ğŸ‡²ğŸ‡¬, Flag: Madagascar,æ——å¸œï¼š é©¬è¾¾åŠ æ–¯åŠ 
ğŸ‡²ğŸ‡­, Flag: Marshall Islands,æ——å¸œï¼š é©¬ç»å°”ç¾¤å²›
ğŸ‡²ğŸ‡°, Flag: North Macedonia,æ——å¸œï¼šåŒ—é©¬å…¶é¡¿
ğŸ‡²ğŸ‡±, Flag: Mali,æ——å¸œï¼š é©¬é‡Œ
ğŸ‡²ğŸ‡², Flag: Myanmar (Burma),æ——å¸œï¼š ç¼…ç”¸ï¼ˆç¼…ç”¸ï¼‰
ğŸ‡²ğŸ‡³, Flag: Mongolia,æ——ã€‚è’™å¤å›½
ğŸ‡²ğŸ‡´, Flag: Macao Sar China,æ——å¸œã€‚ä¸­å›½æ¾³é—¨ç‰¹åˆ«è¡Œæ”¿åŒº
ğŸ‡²ğŸ‡µ, Flag: Northern Mariana Islands,æ——å¸œï¼šåŒ—é©¬é‡Œäºšçº³ç¾¤å²›
ğŸ‡²ğŸ‡¶, Flag: Martinique,æ——å¸œï¼š é©¬æå°¼å…‹å²›
ğŸ‡²ğŸ‡·, Flag: Mauritania,æ——å¸œï¼š æ¯›é‡Œå¡”å°¼äºš
ğŸ‡²ğŸ‡¸, Flag: Montserrat,æ——å¸œï¼š è’™ç‰¹å¡æ‹‰ç‰¹
ğŸ‡²ğŸ‡¹, Flag: Malta,æ——å¸œï¼š é©¬è€³ä»–
ğŸ‡²ğŸ‡º, Flag: Mauritius,æ——å¸œï¼š æ¯›é‡Œæ±‚æ–¯
ğŸ‡²ğŸ‡», Flag: Maldives,æ——å¸œ é©¬å°”ä»£å¤«
ğŸ‡²ğŸ‡¼, Flag: Malawi,æ——å¸œï¼š é©¬æ‹‰ç»´
ğŸ‡²ğŸ‡½, Flag: Mexico,æ——å¸œï¼š å¢¨è¥¿å“¥
ğŸ‡²ğŸ‡¾, Flag: Malaysia,æ——å¸œ é©¬æ¥è¥¿äºš
ğŸ‡²ğŸ‡¿, Flag: Mozambique,æ——å¸œï¼š è«æ¡‘æ¯”å…‹
ğŸ‡³ğŸ‡¦, Flag: Namibia,æ——å¸œï¼šçº³ç±³æ¯”äºš
ğŸ‡³ğŸ‡¨, Flag: New Caledonia,æ——å¸œï¼šæ–°å–€é‡Œå¤šå°¼äºš
ğŸ‡³ğŸ‡ª, Flag: Niger,æ——å¸œï¼šå°¼æ—¥å°”
ğŸ‡³ğŸ‡«, Flag: Norfolk Island,æ——å¸œï¼šè¯ºç¦å…‹å²›
ğŸ‡³ğŸ‡¬, Flag: Nigeria,æ——å¸œï¼šå°¼æ—¥åˆ©äºš
ğŸ‡³ğŸ‡®, Flag: Nicaragua,æ——å¸œï¼šå°¼åŠ æ‹‰ç“œ
ğŸ‡³ğŸ‡±, Flag: Netherlands,æ——å¸œï¼šè·å…°
ğŸ‡³ğŸ‡´, Flag: Norway,æ——å¸œï¼šæŒªå¨
ğŸ‡³ğŸ‡µ, Flag: Nepal,æ——å¸œï¼šå°¼æ³Šå°”
ğŸ‡³ğŸ‡·, Flag: Nauru,æ——å¸œï¼šç‘™é²
ğŸ‡³ğŸ‡º, Flag: Niue,æ——å¸œï¼šçº½åŸƒ
ğŸ‡³ğŸ‡¿, Flag: New Zealand,æ——å¸œï¼šæ–°è¥¿å…°
ğŸ‡´ğŸ‡², Flag: Oman,æ——å¸œï¼š é˜¿æ›¼
ğŸ‡µğŸ‡¦, Flag: Panama,æ——å¸œï¼š å·´æ‹¿é©¬
ğŸ‡µğŸ‡ª, Flag: Peru,æ——å¸œï¼š ç§˜é²
ğŸ‡µğŸ‡«, Flag: French Polynesia,æ——å¸œï¼šæ³•å±æ³¢åˆ©å°¼è¥¿äºš æ³•å±æ³¢åˆ©å°¼è¥¿äºš
ğŸ‡µğŸ‡¬, Flag: Papua New Guinea,æ——å¸œï¼šå·´å¸ƒäºšæ–°å‡ å†…äºš å·´å¸ƒäºšæ–°å‡ å†…äºš
ğŸ‡µğŸ‡­, Flag: Philippines,æ——å¸œã€‚è²å¾‹å®¾
ğŸ‡µğŸ‡°, Flag: Pakistan,æ——å¸œï¼š å·´åŸºæ–¯å¦
ğŸ‡µğŸ‡±, Flag: Poland,æ——å¸œï¼š æ³¢å…°
ğŸ‡µğŸ‡², Flag: St. Pierre & Miquelon,æ——å¸œï¼šåœ£çš®åŸƒå°”å’Œå¯†å…‹éš†æ——å¸œ
ğŸ‡µğŸ‡³, Flag: Pitcairn Islands,æ——å¸œï¼š çš®ç‰¹å‡¯æ©ç¾¤å²›
ğŸ‡µğŸ‡·, Flag: Puerto Rico,æ——å¸œï¼š æ³¢å¤šé»å„
ğŸ‡µğŸ‡¸, Flag: Palestinian Territories,æ——å¸œï¼š å·´å‹’æ–¯å¦é¢†åœŸ
ğŸ‡µğŸ‡¹, Flag: Portugal,æ——å¸œ: è‘¡è„ç‰™
ğŸ‡µğŸ‡¼, Flag: Palau,æ——å¸œï¼š å¸•åŠ³
ğŸ‡µğŸ‡¾, Flag: Paraguay,æ——å¸œï¼š å·´æ‹‰åœ­
ğŸ‡¶ğŸ‡¦, Flag: Qatar,æ——å¸œï¼š å¡å¡”å°”
ğŸ‡·ğŸ‡ª, Flag: RÃ©union,æ——å¸œï¼š ç•™å°¼æ—º
ğŸ‡·ğŸ‡´, Flag: Romania,æ——å¸œï¼š ç½—é©¬å°¼äºš
ğŸ‡·ğŸ‡¸, Flag: Serbia,æ——å¸œï¼šå¡å°”ç»´äºš
ğŸ‡·ğŸ‡º, Flag: Russia,æ——å¸œ ä¿„ç½—æ–¯
ğŸ‡·ğŸ‡¼, Flag: Rwanda,æ——å¸œï¼š å¢æ—ºè¾¾
ğŸ‡¸ğŸ‡¦, Flag: Saudi Arabia,æ——å¸œï¼šæ²™ç‰¹é˜¿æ‹‰ä¼¯
ğŸ‡¸ğŸ‡§, Flag: Solomon Islands,æ——å¸œï¼šæ‰€ç½—é—¨ç¾¤å²›
ğŸ‡¸ğŸ‡¨, Flag: Seychelles,æ——å¸œï¼šå¡èˆŒå°”
ğŸ‡¸ğŸ‡©, Flag: Sudan,æ——å¸œï¼šè‹ä¸¹
ğŸ‡¸ğŸ‡ª, Flag: Sweden,æ——å¸œï¼šç‘å…¸
ğŸ‡¸ğŸ‡¬, Flag: Singapore,æ——å¸œï¼šæ–°åŠ å¡
ğŸ‡¸ğŸ‡­, Flag: St. Helena,æ——å¸œï¼šåœ£èµ«å‹’æ‹¿å²›
ğŸ‡¸ğŸ‡®, Flag: Slovenia,æ——å¸œï¼šæ–¯æ´›æ–‡å°¼äºš
ğŸ‡¸ğŸ‡¯, Flag: Svalbard & Jan Mayen,æ——å¸œï¼šæ–¯ç“¦å·´å¾·å’Œæ‰¬-é©¬å»¶ã€‚
ğŸ‡¸ğŸ‡°, Flag: Slovakia,æ——å¸œï¼šæ–¯æ´›ä¼å…‹
ğŸ‡¸ğŸ‡±, Flag: Sierra Leone,å›½æ——ï¼šå¡æ‹‰åˆ©æ˜‚
ğŸ‡¸ğŸ‡², Flag: San Marino,æ——å¸œï¼šåœ£é©¬åŠ›è¯º
ğŸ‡¸ğŸ‡³, Flag: Senegal,æ——å¸œï¼šå¡å†…åŠ å°”
ğŸ‡¸ğŸ‡´, Flag: Somalia,æ——å¸œï¼šç´¢é©¬é‡Œ
ğŸ‡¸ğŸ‡·, Flag: Suriname,æ——å¸œï¼šè‹é‡Œå—
ğŸ‡¸ğŸ‡¸, Flag: South Sudan,æ——å¸œï¼šå—è‹ä¸¹
ğŸ‡¸ğŸ‡¹, Flag: SÃ£o TomÃ© & PrÃ­ncipe,æ——å¸œï¼šåœ£å¤šç¾å’Œæ™®æ—è¥¿æ¯”ã€‚
ğŸ‡¸ğŸ‡», Flag: El Salvador,æ——å¸œï¼šè¨å°”ç“¦å¤š
ğŸ‡¸ğŸ‡½, Flag: Sint Maarten,æ——å¸œï¼šåœ£é©¬ä¸å²›
ğŸ‡¸ğŸ‡¾, Flag: Syria,æ——å¸œï¼šå™åˆ©äºš
ğŸ‡¸ğŸ‡¿, Flag: Eswatini,æ——å¸œï¼šEswatini
ğŸ‡¹ğŸ‡¦, Flag: Tristan Da Cunha,æ——å¸œï¼šTristan Da Cunha
ğŸ‡¹ğŸ‡¨, Flag: Turks & Caicos Islands,æ——å¸œï¼šç‰¹å…‹æ–¯å’Œå‡¯ç§‘æ–¯ç¾¤å²›
ğŸ‡¹ğŸ‡©, Flag: Chad,æ——å¸œã€‚Chad
ğŸ‡¹ğŸ‡«, Flag: French Southern Territories,æ——å¸œï¼š æ³•å±å—éƒ¨é¢†åœŸ
ğŸ‡¹ğŸ‡¬, Flag: Togo,å›½æ——ï¼šå¤šå“¥
ğŸ‡¹ğŸ‡­, Flag: Thailand,æ——å¸œï¼šæ³°å›½
ğŸ‡¹ğŸ‡¯, Flag: Tajikistan,æ——å¸œï¼šå¡”å‰å…‹æ–¯å¦
ğŸ‡¹ğŸ‡°, Flag: Tokelau,æ——å¸œï¼šæ‰˜å…‹åŠ³
ğŸ‡¹ğŸ‡±, Flag: Timor-Leste,å›½æ——ï¼šä¸œå¸æ±¶
ğŸ‡¹ğŸ‡², Flag: Turkmenistan,æ——å¸œï¼šåœŸåº“æ›¼æ–¯å¦
ğŸ‡¹ğŸ‡³, Flag: Tunisia,æ——å¸œï¼šçªå°¼æ–¯
ğŸ‡¹ğŸ‡´, Flag: Tonga,æ——å¸œï¼šæ±¤åŠ 
ğŸ‡¹ğŸ‡·, Flag: Turkey,æ——å¸œï¼šåœŸè€³å…¶
ğŸ‡¹ğŸ‡¹, Flag: Trinidad & Tobago,æ——å¸œï¼šç‰¹ç«‹å°¼è¾¾å’Œå¤šå·´å“¥
ğŸ‡¹ğŸ‡», Flag: Tuvalu,æ——å¸œï¼šå›¾ç“¦å¢
ğŸ‡¹ğŸ‡¿, Flag: Tanzania,æ——å¸œï¼šå¦æ¡‘å°¼äºš
ğŸ‡ºğŸ‡¦, Flag: Ukraine,æ——å¸œï¼š ä¹Œå…‹å…°
ğŸ‡ºğŸ‡¬, Flag: Uganda,æ——å¸œï¼š ä¹Œå¹²è¾¾
ğŸ‡ºğŸ‡², Flag: U.S. Outlying Islands,æ——å¸œã€‚ç¾å›½ç¦»å²›
ğŸ‡ºğŸ‡³, Flag: United Nations,æ——å¸œã€‚è”åˆå›½
ğŸ‡ºğŸ‡¸, Flag: United States,æ——å¸œï¼š ç¾å›½
ğŸ‡ºğŸ‡¾, Flag: Uruguay,æ——å¸œï¼š ä¹Œæ‹‰åœ­
ğŸ‡ºğŸ‡¿, Flag: Uzbekistan,æ——å¸œï¼š ä¹Œå…¹åˆ«å…‹æ–¯å¦
ğŸ‡»ğŸ‡¦, Flag: Vatican City,æ——å¸œã€‚æ¢µè’‚å†ˆåŸ
ğŸ‡»ğŸ‡¨, Flag: St. Vincent & Grenadines,æ——å¸œï¼šåœ£æ–‡æ£®ç‰¹å’Œæ ¼æ—çº³ä¸æ–¯
ğŸ‡»ğŸ‡ª, Flag: Venezuela,æ——å¸œï¼š å§”å†…ç‘æ‹‰
ğŸ‡»ğŸ‡¬, Flag: British Virgin Islands,æ——å¸œï¼šè‹±å±ç»´å°”äº¬ç¾¤å²›
ğŸ‡»ğŸ‡®, Flag: U.S. Virgin Islands,æ——å¸œï¼š ç¾å±ç»´å°”äº¬ç¾¤å²›
ğŸ‡»ğŸ‡³, Flag: Vietnam,æ——å¸œ è¶Šå—
ğŸ‡»ğŸ‡º, Flag: Vanuatu,æ——å¸œï¼š ç“¦åŠªé˜¿å›¾
ğŸ‡¼ğŸ‡«, Flag: Wallis & Futuna,æ——å¸œï¼šWalliså’ŒFutuna ç“¦åˆ©æ–¯å’Œå¯Œå›¾çº³
ğŸ‡¼ğŸ‡¸, Flag: Samoa,æ——å¸œï¼šè¨æ‘©äºš
ğŸ‡½ğŸ‡°, Flag: Kosovo,æ——å¸œï¼šç§‘ç´¢æ²ƒ
ğŸ‡¾ğŸ‡ª, Flag: Yemen,æ——å¸œï¼šä¹Ÿé—¨
ğŸ‡¾ğŸ‡¹, Flag: Mayotte,æ——å¸œ é©¬çº¦ç‰¹å²›
ğŸ‡¿ğŸ‡¦, Flag: South Africa,æ——å¸œï¼šå—é
ğŸ‡¿ğŸ‡², Flag: Zambia,æ——å¸œï¼š èµæ¯”äºš
ğŸ‡¿ğŸ‡¼, Flag: Zimbabwe,æ——å¸œï¼š æ´¥å·´å¸ƒéŸ¦
ğŸ´ó §ó ¢ó ¥ó ®ó §ó ¿, Flag: England,æ——å¸œï¼šè‹±å›½
ğŸ´ó §ó ¢ó ³ó £ó ´ó ¿, Flag: Scotland,æ——å¸œï¼šè‹æ ¼å…°
ğŸ´ó §ó ¢ó ·ó ¬ó ³ó ¿, Flag: Wales,æ——å¸œï¼š å¨å°”å£«
ğŸ´ó µó ³ó ´ó ¸ó ¿, Flag for Texas (US-TX),å¾·å·æ——ï¼ˆUS-TXï¼‰
